{
  "Total" : {
    "transaction" : "Total",
    "sampleCount" : 20,
    "errorCount" : 15,
    "errorPct" : 75.0,
    "meanResTime" : 189909.65,
    "medianResTime" : 200771.5,
    "minResTime" : 117457.0,
    "maxResTime" : 201196.0,
    "pct1ResTime" : 201191.6,
    "pct2ResTime" : 201195.8,
    "pct3ResTime" : 201196.0,
    "throughput" : 0.09940259043150665,
    "receivedKBytesPerSec" : 0.1286603450760927,
    "sentKBytesPerSec" : 0.06508734070734884
  },
  "HTTP Request" : {
    "transaction" : "HTTP Request",
    "sampleCount" : 20,
    "errorCount" : 15,
    "errorPct" : 75.0,
    "meanResTime" : 189909.65,
    "medianResTime" : 200771.5,
    "minResTime" : 117457.0,
    "maxResTime" : 201196.0,
    "pct1ResTime" : 201191.6,
    "pct2ResTime" : 201195.8,
    "pct3ResTime" : 201196.0,
    "throughput" : 0.09940259043150665,
    "receivedKBytesPerSec" : 0.1286603450760927,
    "sentKBytesPerSec" : 0.06508734070734884
  }
}